id,track,category,title,my_call,when,effort,type,new_data,what_it_does,what_wed_change,owner_decision,notes,source_doc
BRD-01,Launch-readiness,Brand-Identity,Faceless brand until growth,Decision,Before-launch,na,decision,na,"Sets whether the project publishes as a named founder or a faceless brand, governing credibility and legal-defence trade-offs.","Operate as a faceless brand until meaningful growth, then transition to a named founder (and staff, if ever).","Named vs faceless — decided: faceless brand until meaningful growth (owner, 2026-08-04)",,cat-02-identity
BRD-02,Launch-readiness,Brand-Identity,"Tagline — keep, refine or replace",Decision,Before-launch,na,decision,na,"The tagline is the one-line positioning shown across metadata, OG image, /about and social bios.","Decide whether to keep, refine or replace 'India's official statistics, finally on a map', then propagate to overview.yaml, app/layout.tsx metadata, the OG image, /about and every social bio.",D1 — owner to decide tagline (keep/refine/replace),,cat-02-identity
BRD-03,Launch-readiness,Brand-Identity,First-person voice convention,Decision,Before-launch,na,decision,na,"Determines the grammatical person the brand uses everywhere, affecting whether it reads as a team, an institution, or a reference work.","Choose 'we', 'MapsOfBharat' (third person), or impersonal, and hold it across site copy, card footers, captions and replies.","D2 — owner to choose first-person convention (blocks files 06, 07)",,cat-02-identity
BRD-04,Launch-readiness,Brand-Identity,Voice guide for four surfaces (VOICE.md),Decision,Before-launch,S,content,na,"A written voice standard so site copy, card headlines, captions and replies read as one project rather than several.","Produce a one-page VOICE.md with five do/don't pairs and three worked examples per surface (site copy, card headline, social caption, replies).","D4 — owner to decide voice for the four surfaces (blocks files 06, 07)",,cat-02-identity
BRD-05,Launch-readiness,Brand-Identity,Consolidate the colour tokens,Do,Before-launch,M,build,no,"Removes brand-token drift where ink and paper palettes live in different places and some hex is hardcoded, so the travelling card and the site stay consistent.","Create one source of truth for colour (paper palette alongside ink, not only in lib/social-export.ts), have the card compositor read from it, remove duplicate hardcoded hex, and write a short tokens reference.",,P1; tidy styling before scaling content + new encodings.,cat-02-identity
BRD-06,Launch-readiness,Brand-Identity,Add positioning statement to spec,DONE,Done,S,content,no,"overview.yaml lacks a single sentence saying what MoB is relative to alternatives, which let the competitor comparison go stale unnoticed.","Add a positioning field to overview.yaml (draft supplied), backed by the three claims in order: provenance honesty, pre-loaded and cited, free to read forever — and explicitly not 'a map tool' or 'a data library'.",,Shipped iter-131 #824 (adr-028).,cat-02-identity
BRD-07,Launch-readiness,Brand-Identity,Project name 'Maps of Bharat' settled,Decision,Before-launch,na,decision,na,Fixes the project/brand name that the wordmark and all assets build on.,Adopt 'Maps of Bharat' as the settled name and build all assets on it.,"Name settled: 'Maps of Bharat' (owner, 2026-08-04)",,cat-16-creative-assets
BRD-08,Launch-readiness,Brand-Identity,Choose primary domain: .in or .com,Decision,Before-launch,na,decision,na,The primary domain must be chosen before any public link so it can be baked into cards and embeds.,"Decide whether .in or .com is primary; .com is at-cost at Cloudflare Registrar, .in elsewhere; buy both and redirect one.","Which domain is primary, .in or .com? Buy both and redirect one.",,cat-03-technical-readiness
BRD-09,Launch-readiness,Brand-Identity,Sign outreach emails by name,Decision,Before-launch,na,decision,no,Keeps the site faceless while making cold outreach read as a person rather than marketing.,"Sign outreach emails with your name while the brand stays faceless - the site carries no byline, the correspondence does.",Sign outreach emails with your name while the site stays faceless? Recommend yes,,cat-09-launch
BRD-10,Launch-readiness,Brand-Identity,Keep every artefact branded,DONE,Done,na,design,no,"The watermark is both the growth loop and the obvious first paid feature, so unbranded cards must not circulate.","Keep the wordmark, handle and URL on every artefact (already done) and never let unbranded cards circulate.",,Already true - cards + /embed carry the mark.,cat-14-monetisation-scaffolding
CNT-01,Launch-readiness,Content,Accept the non-goals rewrite,DONE,Done,na,decision,na,Resolves a live contradiction between overview.yaml's neutrality non-goals and feat-social-export's editorial-headline requirement.,Accept the rewritten non_goals from 04-strategy-decisions.md §D1 (editorial framing allowed; numbers/classification/presentation stay neutral; indices only with formula/weights/inputs/peer-group/version; viewing always free).,D5 — owner to accept the non-goals rewrite (open),You accepted it this session; adr-028.,cat-02-identity
CNT-02,Launch-readiness,Content,Record non-goals rewrite as an ADR,DONE,Done,S,content,no,"The non-goals are load-bearing across features, flows and risks, so a scope change to them should be documented, not edited silently.","Record the replacement non_goals (resolving the overview.yaml vs feat-social-export AC4 contradiction) as an ADR, following the adr-011 precedent.",,Shipped - adr-028.,cat-02-identity
CNT-03,Launch-readiness,Content,Don't post HOTSPOT metrics until proportional symbols,Consider,Post-launch,na,decision,na,29 HOTSPOT metrics (33% of the district library) render as a map of one district and are the least readable maps owned.,Do not lead with HOTSPOT metrics on social until proportional-symbol encoding ships.,,Depends on viz item Symbol-choropleth (E3).,cat-06-content-strategy
CNT-04,Launch-readiness,Content,Publish NFHS lifestyle as health data,Decision,Before-launch,na,decision,na,"The 14-metric NFHS lifestyle block is highly relatable and almost unmapped at district level, but diet maps intersect with caste/religion and can be weaponised.","Publish the NFHS lifestyle block freely as health data, governed by the framing rule: describe the measured behaviour, never name a group (e.g. 'two in three men eat eggs weekly', not 'India's vegetarian belt').","Decided (owner, 2026-08-04): publish freely as health data; framing rule governs headlines",,cat-06-content-strategy
CNT-05,Launch-readiness,Content,Adopt and wire the headline rule,Do,Before-launch,S,build,no,"Card headlines are currently improvised and feat-social-export AC4 requires a headline without defining a good one; the finding, not the dataset, should lead.","Amend feat-social-export AC4 so the headline states a finding and the subtitle names the dataset/scope, record an ADR capturing the rule, the six headline structures (§2.4) and the no-group-naming constraint, and reflect it in the compositor's headline field guidance.",,Mostly done - editorial headline ships on cards; non-goal reconciled (adr-028). Confirm the exact rule + ADR.,cat-06-content-strategy
CNT-06,Launch-readiness,Content,Adopt six content pillars,Consider,Before-launch,na,content,na,"Six pillars mapped onto what the data actually supports give recurring shapes to publish within, including the unattackable 'What India doesn't measure' pillar nobody else can run.","Adopt the six pillars: The divides, How India lives, Where it concentrates, Still without, What India doesn't measure, Money moving.",,,cat-06-content-strategy
CNT-07,Launch-readiness,Content,Adopt seven series; launch with three,Decision,Before-launch,na,decision,na,"Recurring series turn 'what do I post today' into a template to fill, which is how solo publishing survives.","Adopt all seven series as a roadmap but launch with the three that ship today (The line, How India eats, Still without); pull 'Your district' forward once the region card exists; the other three arrive with their encodings.","Decided (owner, 2026-08-04): all seven as roadmap; three ship today",,cat-06-content-strategy
CNT-08,Launch-readiness,Content,Adopt pre-publish QC checklist,Consider,Before-launch,S,content,na,"A pre-publish checklist grounded in MoB's known failure modes across data, visual and editorial, including the 400px WhatsApp thumbnail legibility test.","Adopt the pre-publish QC checklist (rank column sorts, anchor stat matches caption, inherited values excluded from rank claims, encoding matches archetype, legible at 400px, headline states a finding and names no group, amplification-policy check, etc.).",,,cat-06-content-strategy
CNT-09,Launch-readiness,Content,Finding-candidate generator,Do,Before-launch,S,build,no,A CLI that computes 5-8 candidate findings per metric per level so captions are chosen from data rather than brainstormed.,"Build a CLI emitting structured JSON findings across seven computable types, excluding inherited values per adr-023 and caching a district adjacency table for type 5.",,,cat-07-content-production
CNT-10,Launch-readiness,Content,Caption template system,Decision,Before-launch,S,build,no,A three-block caption structure (finding / context / source+link) with everything but the human finding auto-filled.,"Create a template file per series and platform that auto-fills source/year/licence/canonical URL, flags the empty finding slot, and validates character counts before queueing.",02 D2 (first person) and D4 (voice) must be decided - blocks caption wording only,,cat-07-content-production
CNT-11,Launch-readiness,Content,Bank 90 pieces,Decision,Before-launch,L,content,no,A deep content buffer so a bad month is invisible and quiet launch weeks cost nothing.,"Produce and caption 90 banked pieces across the series (The line 30, How India eats 24, Still without 12, Your district 15, Reserve/hero 9) before the first public link.","Bank target - 90, or more? 90 assumes ~5 posts/week and an 18-week buffer",,cat-07-content-production
CNT-12,Launch-readiness,Content,Data-triggered posts,Consider,Post-launch,S,build,no,A publishing rhythm that fires from successful ingests so there is never a week with nothing to say.,"Extend the drift-check pipeline to generate a diff summary, card and caption stub into a human-approval review queue, plus an /updates RSS feed - never auto-publishing.",,,cat-07-content-production
CNT-13,Launch-readiness,Content,Review gate in queue,Do,Before-launch,S,build,no,An inline QC checklist that lives inside each queue item so a solo operator actually runs it.,"Attach the cat-06 checklist as inline checkboxes, pre-check the four machine-checkable items, require human ticks on the eight editorial items, and block release with any unticked box.",,,cat-07-content-production
CNT-14,Launch-readiness,Content,Five carousel structures,Consider,Before-launch,S,content,no,"Five reusable carousel structures buildable from existing output, one of which (re-encoding) is uniquely MoB's.","Define the standard, the finding, the question, the comparison, and the re-encoding carousel structures (structure 5 blocked on proportional symbol).",,,cat-15-posting-calendar
CNT-15,Launch-readiness,Content,Reels in month 2,Decision,Before-launch,M,decision,no,"Reels are the cold-reach engine but cost ~10x a static card, so animating unvalidated content is waste.","Sequence Reels for month 2 (after month 1 validates which topics land), which also requires the 9:16 layout reflow.",Reels in month 2? Yes - cold reach matters but validate topics first,,cat-15-posting-calendar
CNT-16,Launch-readiness,Content,Non-map format test set,Consider,Before-launch,M,content,no,"A set of non-map post formats to run through the week-4 format test as candidates, not fixtures.","Test question-to-reveal, behind-the-data, source spotlight, 'this month in Indian data', two-maps (blocked on encoding), and the re-encoding carousel (blocked on proportional symbol).",,,cat-15-posting-calendar
CNT-17,Launch-readiness,Content,Behind-the-data format,Consider,Before-launch,S,content,no,"The format to push - how a dataset is actually collected - with no map competitor, no political exposure, and it is MoB's differentiator.",Produce behind-the-data posts (the Measurement pillar) explaining how datasets are collected.,,,cat-15-posting-calendar
CNT-18,Launch-readiness,Content,Phase the bank: 40 then 90,Consider,Before-launch,L,content,no,"Stages the content bank - 40 before anything is public covers the experiment month, 90 before seeding absorbs a bad month.","Bank 40 pieces with captions (weeks 3-4, enough for 4 weeks at 9/week) before going public, then build to 90 before seeding.",,,cat-15-posting-calendar
CRE-01,Launch-readiness,Creative-Assets,Build compositor layout variants,Do,Before-launch,L,build,no,Turns per-post design into data-driven generation by extending the card compositor to every format instead of hand-making posts in Figma.,"Add layout variants (title, ranked-table, finding/text, source-and-method, question, comparison slides), specify carousels as ordered layout lists rendering numbered PNGs in one batch, read from the single colour-token source, support both themes and 1:1/3:4/4:5/(9:16 later) variants.",Decision 1 — compositor layouts over Figma templates (rec: yes; single highest-leverage decision in the file),"P0 for content: generate posts from data, not Figma. Big but high-leverage.",cat-16-creative-assets
CRE-02,Launch-readiness,Creative-Assets,Profile assets for all platforms,Decision,Before-launch,M,design,no,"The visual identity assets needed the week handles are bought, across every platform.","Produce profile picture (320x320, reads at 32px, mark only), X header 1500x500, LinkedIn banner 1128x191, YouTube channel art 2048x1152 (safe area 1235x338), Reddit avatar 256x256 and banner 1920x384.",Decision 2 — profile mark: disc-and-pin alone vs monogram; test both at 32px before committing,,cat-16-creative-assets
CRE-03,Launch-readiness,Creative-Assets,Favicon and app icons,Consider,Before-launch,S,design,no,Browser and app icons that are currently absent from the project.,"Produce favicon and app icons at 32, 180, 192 and 512px.",,,cat-16-creative-assets
CRE-04,Launch-readiness,Creative-Assets,Aspect-ratio variants and downscale path,Consider,Post-launch,M,build,no,"Ensures each post exists at the ratios each platform needs, uncropped in feed and grid.","Produce 3:4 (1080x1440, Instagram default), 4:5 (1080x1350), 1:1 (1080x1080) and 9:16 (1080x1920, month 2); render at 2160 and downscale to 1080, JPEG for social and PNG for archive.",,,cat-16-creative-assets
CRE-05,Launch-readiness,Creative-Assets,Reusable story templates,Consider,Before-launch,S,design,no,"Trivially reusable Story layouts, since Stories are unbanked and made in minutes.","Make three reusable story templates once — poll, teaser, behind-the-data — each a background, a text position and the mark.",,,cat-16-creative-assets
CRE-06,Launch-readiness,Creative-Assets,Instagram grid palette plan,Decision,Before-launch,S,design,no,Makes the Instagram grid read as coherent sections — the strongest single argument that this is a serious publication.,"Assign a palette family per series (variation in surround and typography, not in the data encoding) while keeping each map's palette scientifically correct for its archetype.",Decision 3 — palette family per series for the grid (rec: yes),,cat-16-creative-assets
CRE-07,Launch-readiness,Creative-Assets,9:16 vertical reflow,Consider,Post-launch,M,build,no,"Vertical format for Stories, Reels and Shorts.",Reflow layouts to 9:16 (1080x1920).,,,cat-16-creative-assets
CRE-08,Launch-readiness,Creative-Assets,Default social theme — ink or paper,Decision,Before-launch,na,decision,na,Fixes one social theme so the grid stays consistent; alternating themes destroys grid coherence.,Pick ink or paper as the default social theme and hold it.,Decision 4 — ink or paper as default social theme; pick one and hold it,,cat-16-creative-assets
CRE-09,Launch-readiness,Creative-Assets,Asset scope guardrails (what NOT to make),Decision,Before-launch,na,decision,na,"Keeps creative scope minimal and appropriate for a one-person statistics publication, avoiding drift and wasted effort.","Adopt the do-not-make list: no full brand book, no bespoke per-post design, no animated logo sting, no illustrations/mascots/icon sets, no merch, and only one mark / one wordmark / one lockup.",,,cat-16-creative-assets
CRE-10,Launch-readiness,Creative-Assets,Add 9:16 export preset,Consider,Post-launch,M,build,no,"There is no 9:16 preset, which forecloses Reels and Shorts (and animation output).",Add a 9:16 export preset to the card/export pipeline (task D2).,,,cat-03-technical-readiness
CRE-11,Launch-readiness,Creative-Assets,Batch card export CLI,Do,Before-launch,S,build,no,Promote the existing render harness into a supported tool that renders cards for a whole manifest in one run.,"Ship a CLI accepting a manifest (metric, level, preset, theme, headline, subtitle), sequential renders with page teardown, a dry-run validator, and a run summary.",,P0; lets you bank content in bulk.,cat-07-content-production
CRE-12,Launch-readiness,Creative-Assets,9:16 card layout reflow,Decision,Before-launch,S,design,no,"A genuine 1080x1920 vertical layout for Reels, Shorts and Stories, since presetSize() only returns 4:5 and 1:1.","Reflow the card layout for 9:16 (rank tables and vertical legend), treated as a card-layout task not a crop or config change.",Does 9:16 ship before launch or after? It blocks Reels and Shorts entirely,,cat-07-content-production
CRE-13,Launch-readiness,Creative-Assets,Card legibility at 400px thumbnail,Consider,Before-launch,na,design,no,"The real legibility test is a ~400px WhatsApp thumbnail, not the 2160px render.",Ensure every card remains legible as a ~400px thumbnail as a design constraint on the compositor.,,,cat-08-social-operations
CRE-14,Launch-readiness,Creative-Assets,Carousel layout in compositor,Decision,Before-launch,M,build,no,"Carousels are the highest-engagement format (0.55%, ~3x Reels saves) and nearly free since the slides already exist.","Build carousel layout in the compositor (cat-16) so a map, its ranked table and its methodology become a multi-slide sequence instead of being thrown away.",Carousels as the backbone rather than single cards? Yes,,cat-15-posting-calendar
CRD-01,Launch-readiness,Credibility,Copyable citation block,Strong,Today,S,build,no,A copyable 'To cite this' block converts a reader into a citation and a website into a source; academic formats accept the corporate author.,"Add a standard copyable citation block (metric name, publication, year, canonical URL, access-date placeholder) to every metric page, region page and /data, with MapsOfBharat as corporate author, plus a machine-readable CITATION.cff shipping with the bulk download.","Corporate-author citation format now, or wait for the named-founder transition? (corporate author works now and survives the transition)","Cheap, high value; canonical pages (#829) ready to host it. Corporate author 'MapsOfBharat' works now.",cat-13-credibility
CRD-02,Launch-readiness,Credibility,Zenodo DOI deposits,Consider,When-monetising,S,ops,no,A free Zenodo DOI gives the dataset a persistent identifier that survives a domain change and is what academic citation infrastructure expects; nobody in Indian data-viz does this.,"Deposit each versioned bulk release to Zenodo (concept DOI to latest, version DOIs to snapshots), surface the DOI in the citation block and Dataset JSON-LD identifier, and set metadata naming MapsOfBharat as creator with the licence and canonical link.",Deposit to Zenodo once #384 lands? (recommend yes),"Cheap + unique (nobody in Indian data-viz does it), but wants the bulk release (blocked #384).",cat-13-credibility
CRD-03,Launch-readiness,Credibility,No Wikipedia self-citation,Decision,Before-launch,na,decision,na,Protects credibility with Wikipedia editors; self-citing is a conflict of interest that gets reverted and remembered.,"Adopt a rule not to edit Wikipedia to cite MoB; instead make the data citable (metric/region pages, open licence, DOI) and let editors find it.",,,cat-13-credibility
CRD-04,Launch-readiness,Credibility,Data community presence,Consider,Post-launch,na,ops,no,Being present as a peer in India's data communities is how the project becomes known without petitioning.,"Establish an ongoing peer presence in DataMeet (whose boundary data MoB uses) and VizChitra, and be known to Factly/Dataful, CEDA/Ashoka and Data For India.",,,cat-13-credibility
CRD-05,Launch-readiness,Credibility,Contributor model (deferred),Decision,Before-launch,na,decision,na,"A named multi-author contributor model is what a mature version looks like, but it is years away and premature now.","Defer the contributor model; revisit only when the site has an audience, VOICE.md exists, and the named-founder transition has happened.",,,cat-13-credibility
CRD-06,Launch-readiness,Credibility,Add 'To cite this' block to metric pages,Strong,Today,S,build,no,"A copyable citation block (author, publication, month, URL) is cheap and converts a reader into a citation, as Data For India's Data Bytes do.",Add a copyable 'To cite this' block to metric pages.,Decision 4 — owner to decide whether to adopt the 'To cite this' block (open),Same as citation block - add to metric/region pages.,cat-06-content-strategy
CRD-07,Launch-readiness,Credibility,Zenodo DOI deposit,Consider,When-monetising,S,ops,no,An academic-citation anchor via a deposited DOI.,"Deposit a Zenodo DOI (cat-13 section 3.2) for academic citation, dependent on the #384 licence unblock.",,"Cheap + unique (nobody in Indian data-viz does it), but wants the bulk release (blocked #384).",cat-14-monetisation-scaffolding
LNC-01,Launch-readiness,Launch-Ops,Moment 0 - private test,Consider,Before-launch,M,research,no,"Five people use the site unsupervised while you watch - the highest-information, near-zero-cost step available now.","Run 5 people x 15 minutes with no instructions (incl. a mid-range Android and a non-technical user), watching activation, search, drill discovery, phone export, 'estimated' comprehension and trust, then fix cheap stalls.",,,cat-09-launch
LNC-02,Launch-readiness,Launch-Ops,Moment 1 - silent live,Decision,Before-launch,M,ops,no,"Deploy on the real domain, indexable but unannounced, so Googlebot and analytics have something to chew on before humans arrive.",Go live on the real domain for ~2 weeks with no announcement to prove indexation and instrumentation before the first visitor.,How long is Moment 1 (silent live)? Recommend 2 weeks,,cat-09-launch
LNC-03,Launch-readiness,Launch-Ops,Moment 2 - populate profiles,Consider,Before-launch,M,ops,no,Populate and start posting on profiles so accounts don't read as abandoned when discovered.,"Populate profiles and begin posting for 1-2 weeks with no announcement anywhere, so a visitor sees ~fifteen posts (a publication) not three (dead).",,,cat-09-launch
LNC-04,Launch-readiness,Launch-Ops,Moment 3 - tiered seeding,Decision,Before-launch,L,ops,no,"A deliberate seeding sequence, easiest and most forgiving first, one venue per day.","Seed in order: Tier 1 data-viz (VizChitra, DataMeet, r/dataisbeautiful), Tier 2 India general (city/state subs, r/india, r/IndiaSpeaks), Tier 3 tech (Show HN), Tier 4 direct outreach.",Which Tier 1 venue goes first? Recommend DataMeet - you use their data,,cat-09-launch
LNC-05,Launch-readiness,Launch-Ops,Close pre-launch gate checklist,Consider,Before-launch,na,ops,no,"A cross-cutting gate list (Legal, Technical, Measurement, Content, Social) that all must be ticked before anything is public.","Verify every gate: legal pages/disclaimers/ADR, domain+SEO+monitoring+backups, Umami+12 events, 90 banked pieces+CLI+review gate, secured handles+export presets+moderation+Reddit template.",,,cat-09-launch
LNC-06,Launch-readiness,Launch-Ops,Launch-day runbook,Consider,Before-launch,S,ops,no,"A T-1/T-0/T+1..7 runbook so a single audience discovers any breakage, not five.",Follow the runbook: final deploy + verify health/uptime/Umami + queue week one; post to one Tier 1 venue and stay in comments 6h; then one venue/day fixing breakage before adding another.,,,cat-09-launch
LNC-07,Launch-readiness,Launch-Ops,Tier 4 direct outreach,Consider,Before-launch,M,ops,no,"Direct outreach showing peers and data journalists something they might use, not asking for coverage.","Reach out to Factly/Dataful, Data For India, CEDA (Ashoka), How India Lives, India in Pixels, and data journalists (Mint, The Hindu, IndiaSpend, Scroll).",,,cat-09-launch
LEG-01,Launch-readiness,Legal,Self-certification & boundary statement,Strong,Today,S,legal,no,"Publicly states MoB follows Survey of India boundaries and self-certifies under the DST Geospatial Guidelines 2021, the site's core legal defence on map depiction.","Add a boundary-policy section to /methodology naming the SOI source file and vintage, the disputed regions handled (J&K incl. PoK, Ladakh incl. Aksai Chin, Arunachal Pradesh), a dated self-certification, and a short 'Boundaries per Survey of India' note on the exported card and /embed.",,Cheap core legal defence. We already ship SoI-compliant boundaries + tests -> this is writing the public statement on /methodology + card.,cat-01-legal
LEG-02,Launch-readiness,Legal,"Terms, privacy & corrections pages",Strong,Before-launch,M,legal,no,"The site's own policy pages, required before analytics and reuse: no-warranty terms, a cookieless-analytics privacy notice, and an error-reporting/corrections page.","Publish /terms (no-warranty on data accuracy, boundary statement, attribution/reuse requirements, contact), /privacy (cookieless self-hosted-in-India analytics, retention, how to object), and /corrections (report route, response time, public log), all linked from every footer and /methodology.",Publish the corrections log publicly (recommended) vs keep it internal,"Highest-value credibility artefact for a 71k-value dataset; turns inevitable errors into routine, not crisis.",cat-01-legal
LEG-03,Launch-readiness,Legal,Stated content licence,Consider,When-monetising,na,legal,na,"A stated reuse licence is what makes MoB citable and reusable by journalists, teachers and textbook editors; its absence keeps the site uncitable.","Once #384 unblocks it, publish a licence: free-with-attribution for viewing/sharing/embedding and non-commercial or small-org reuse, and a paid licence for editing/resizing/translating/de-branding and large commercial reuse.",,Blocked on #384.,cat-01-legal
LEG-04,Launch-readiness,Legal,DPDP compliance posture,Consider,Before-launch,S,legal,no,"Keeps MoB compliant with the consent-only DPDP Rules 2025 (no legitimate-interest basis), whose substantive compliance is due 13 May 2027.","Now: truncate or hash IPs and never persist raw, keeping Listmonk/Umami self-hosted in India; after a newsletter: adopt Data Fiduciary duties (consent notice, withdrawal, rights handling, breach plan, retention limit).",,,cat-01-legal
LEG-05,Launch-readiness,Legal,No-UGC ADR,Do,Today,na,decision,na,"Records a permanent decision to host no user-generated content, avoiding intermediary status and grievance-officer duties under the IT Rules 2021, a free legal simplification.","Write an ADR stating MoB will host no comments, forums or user-submitted content, with the intermediary-status rationale, and requiring a superseding ADR for any future comments.","Accept the no-UGC rule permanently (it shapes the whole retention plan, file 10)",Cheap legal win - write the ADR (avoids intermediary duties).,cat-01-legal
LEG-06,Launch-readiness,Legal,Multi-source card attribution,Do,Before-launch,S,build,no,Closes an attribution gap on the artefact that travels furthest: the exported card shows one source line even for derived or combined metrics.,"Make the card footer cite all sources for multi-source metrics (or primary plus 'and others - see methodology'), add RBI acknowledgement wording where required, and cite the geometry source and licence alongside the data source.",,,cat-01-legal
LEG-07,Launch-readiness,Legal,Trademark 'Maps of Bharat',Do,Today,S,legal,no,"Protects the currently unregistered 'Maps of Bharat' name before an audience exists and someone squats it; cheap now, expensive later.","File a trademark for 'Maps of Bharat' in Class 42 (SaaS and data services) as an individual applicant (~Rs 4,500).",File the trademark now or after launch (cost rises sharply after visibility),"~Rs4,500 Class 42; cheap now, dear after visibility. Owner task.",cat-01-legal
LEG-08,Launch-readiness,Legal,Engage advocate for pre-launch review,Decision,Before-launch,na,decision,na,The map-depiction area carries criminal exposure; a few hours of an Indian advocate's time is cheap insurance against the downside.,Decide whether to engage an Indian advocate for a pre-launch legal review (~Rs 5-15k).,Engage an advocate for a pre-launch review? (~Rs 5-15k; criminal exposure on map depiction),,cat-01-legal
LEG-09,Launch-readiness,Legal,Entity structure decision,Decision,Before-launch,na,decision,na,Determines whether MoB operates as a sole proprietorship or a registered entity; matters mainly at monetisation but noted so it isn't forgotten.,"Decide: continue as sole proprietor for now, or register a formal entity.","Sole proprietor for now, or register an entity? (only matters at monetisation)",,cat-01-legal
LEG-10,Launch-readiness,Legal,"Use CC-BY, not CC0",Decision,Before-launch,na,decision,no,CC-BY keeps attribution as commercial leverage; CC0 gives away the licensing wedge for nothing.,Choose CC-BY over CC0 for the content licence to preserve the monetisation wedge.,CC-BY rather than CC0 for the content licence? Recommend CC-BY,,cat-14-monetisation-scaffolding
LEG-11,Launch-readiness,Legal,Don't add accounts prematurely,Do,N/A,na,decision,no,"Adding accounts before needed converts data_sensitivity_tier none into PII custody plus a DPDP Data Fiduciary obligation, for no revenue.",Avoid adding user accounts until a revenue path actually requires them.,,Already our stance - accounts deferred (adr-028 seam ready).,cat-14-monetisation-scaffolding
LEG-12,Launch-readiness,Legal,Don't add UGC,Do,N/A,na,decision,no,Adding user-generated content triggers intermediary status under the IT Rules 2021.,Avoid adding any UGC surfaces to keep intermediary obligations off the table.,,Matches our stance.,cat-14-monetisation-scaffolding
MSR-01,Launch-readiness,Measurement,Self-host Umami behaviour analytics,DONE,Done,S,build,no,"There is zero usage analytics today, and self-hosting keeps data in India, sidestepping the DPDP cross-border question and preserving data_sensitivity_tier: none.","Stand up a Umami container plus self-hosted tracker on vault7a (sequence step 1, ~1 hr).",,"Shipped #825 - same-origin /stats proxy, cookieless.",cat-04-measurement
MSR-02,Launch-readiness,Measurement,Implement the twelve events,Do,Before-launch,M,build,no,"Client-side instrumentation is required because caching makes origin logs a small biased sample, and the twelve events capture the behaviour that matters.","Instrument exactly twelve events: metric_selected, search_performed, search_no_results, drill_in, region_opened, compare_used, viz_customised, card_exported, permalink_copied, embed_copied, embed_loaded, methodology_viewed (step 2, ~half day).",,"PARTIAL - #825 wired ~7 (pageview, metric-select, drill, share, export, embed-load, search-empty). Add the rest from the doc's 12-list.",cat-04-measurement
MSR-03,Launch-readiness,Measurement,Verify search_no_results fires on zero results,DONE,Done,S,build,no,"search_no_results is worth more than the other eleven events combined because it is the data, content and pricing roadmap.","Verify search_no_results actually fires when a search returns zero results (step 3, ~15 min).",,"Shipped #825 - search-empty event, confirmed recorded.",cat-04-measurement
MSR-04,Launch-readiness,Measurement,Configure the four funnels,Consider,Before-launch,S,build,no,"The funnels reveal the activation gate and whether drill, export and return behaviours work.","Set up four funnels: Arrive to metric_selected, metric_selected to drill_in, metric_selected to card_exported, and card_exported to return visit.",,,cat-04-measurement
MSR-05,Launch-readiness,Measurement,Use Cloudflare dashboard as traffic denominator,Consider,Before-launch,S,ops,no,"Cloudflare (no script) gives volume, cache hit ratio, origin load, country, and bot-vs-human, and is the denominator for Umami behaviour.",Use the Cloudflare dashboard as the traffic layer and filter on bot score before drawing conclusions (expect bots first).,,,cat-04-measurement
MSR-06,Launch-readiness,Measurement,Establish review cadence,Consider,Before-launch,S,ops,no,A plan needing more attention than this will not be executed by a solo operator with a full-time job.,"Set a weekly 5-minute review (activation rate, card exports, top 5 failed searches) and a monthly 30-minute review (metric popularity top/bottom 20, referrers, embed_loaded by domain, drill/compare rates, cache hit ratio and origin load).",,,cat-04-measurement
MSR-07,Launch-readiness,Measurement,Collect four weeks of baseline,Consider,Before-launch,na,ops,no,"Thresholds must be set against real numbers, not before there are numbers to become attached to.",Collect four weeks of baseline data before setting decision thresholds (sequence step 6).,,,cat-04-measurement
MSR-08,Launch-readiness,Measurement,Decide embed prominence in Share menu,Decision,Before-launch,na,decision,na,"The embed is the only path that reports back (embed_loaded), so its Share-menu prominence is a measurement-vs-convenience trade-off.",Decide whether the embed gets equal or greater prominence than the PNG in the Share menu.,Should the embed be given equal or greater prominence than the PNG in the Share menu?,,cat-04-measurement
MSR-09,Launch-readiness,Measurement,Set analytics retention period,Decision,Before-launch,na,decision,na,The retention period is needed for the privacy page (file 01).,"Decide the retention period for analytics data (suggested: 12 months, then aggregate-only).",Retention period for analytics data? Suggest 12 months then aggregate-only.,,cat-04-measurement
MSR-10,Launch-readiness,Measurement,Confirm decision triggers,Decision,Before-launch,na,decision,na,Decision triggers should be set before there are numbers to become attached to.,"Confirm or replace the default triggers (e.g. activation < 60%, export rate < 5% of sessions, one platform > 80% of referrers, clustered failed searches, embed_loaded from third-party domains).",Confirm or replace the default decision triggers.,,cat-04-measurement
MSR-11,Launch-readiness,Measurement,Week-one success criteria,Consider,Before-launch,na,ops,no,"Defines week-one success as learning signals, not traffic numbers, to prevent a panic pivot in week two.","Judge week one on: site stayed up, activation >60%, nothing the private test should have caught, >=3 distinct failed searches logged, >=1 non-friend used it unprompted, no public boundary/data error.",,,cat-09-launch
MSR-12,Launch-readiness,Measurement,embed_loaded telemetry by domain,Do,Before-launch,S,build,no,"The only proof of off-site reach - where embeds are loaded, by domain.",Add embed_loaded telemetry broken down by domain (also justified by measurement in cat-04).,,PARTIAL - embed-load event exists (#825); add per-domain breakdown.,cat-14-monetisation-scaffolding
MSR-13,Launch-readiness,Measurement,Zero-result capture,DONE,Done,S,build,no,Captures unmet demand as addressable evidence for the data roadmap.,"Implement zero-result capture (cat-10 section 6) as demand evidence, with optional email capture on zero-result queries.",Zero-result email capture (10-4)? Recommend yes,Shipped #825.,cat-14-monetisation-scaffolding
MSR-14,Launch-readiness,Measurement,Month-1 four-week experiment,Decision,Before-launch,M,research,no,Designs month 1 as an experiment for direction (not significance) by varying one dimension per week and holding the rest fixed.,"Run week 1 varying pillar, week 2 finding type, week 3 scope, week 4 format - each holding everything else constant.","Which three pillars go in week 1? Suggest The divides, How India lives, What India doesn't measure",,cat-15-posting-calendar
MSR-15,Launch-readiness,Measurement,"Measure saves, not likes",Consider,Before-launch,na,ops,no,"Selects the signals that actually matter - saves, DM shares, link clicks, and post-driven failed searches - over noisy likes.","Track saves, shares to DMs, link clicks/direct traffic, and search_no_results after a post; treat likes as noise at low volume.",,,cat-15-posting-calendar
MSR-16,Launch-readiness,Measurement,Post-taxonomy tracking sheet,Consider,Before-launch,S,build,no,A per-post label sheet that makes the month-1 experiment analysable - the difference between 'taught us something' and 'happened'.,"Build a sheet with one row per post (date, platform, format, series, pillar, metric_id, archetype, finding_type, scope, headline_structure, time_posted, saves, shares, comments, link_clicks).",,,cat-15-posting-calendar
MON-01,Launch-readiness,Monetisation,#384 LGD Sub-District swap,Hold,When-monetising,S,build,no,The one gate that unblocks everything - Census-2011 values currently ride a non-commercial CC-BY-NC-SA crosswalk.,"Land the LGD Sub-District code-join (one day) to enable a permissive licence, a usable bulk download, a DOI deposit, and the ability to charge - pulled forward out of 'deferred until monetising'.",Pull #384 forward out of 'deferred until monetising'? Recommend yes,"Gate for ALL monetisation, but nothing user-facing needs it. india-geodata may ease it; the value-crosswalk swap is risky (re-checks every Census number). = to-do #384.",cat-14-monetisation-scaffolding
MON-02,Launch-readiness,Monetisation,Versioned bulk download,Consider,When-monetising,M,build,no,"A citable, versioned bulk download that establishes canonical-source status and kills scraping.","Publish a versioned bulk download (also justified by citation and canonical-source status), dependent on the #384 licence unblock.",,Blocked on #384 licence. Note: per-metric RAW download already shipped (#831); this is the paid BULK tier.,cat-14-monetisation-scaffolding
MON-03,Launch-readiness,Monetisation,Licence page (free/licensed split),Consider,When-monetising,S,build,no,A webpage stating the free-reuse vs licensed-reuse split - the Visual Capitalist structure where edit rights are the product.,"Publish a licence page stating free reuse with attribution for individuals/small orgs and a required licence to edit, resize, translate, de-brand or reuse commercially at scale.",,Blocked on #384.,cat-14-monetisation-scaffolding
MON-04,Launch-readiness,Monetisation,Licensed reuse,Strong,When-monetising,S,decision,no,"Revenue lever: charge media, edtech and corporate decks to edit/resize/translate/de-brand or reuse commercially at scale while attribution reuse stays free.","Stand up licensed reuse as the cheapest-to-operate revenue path (one webpage), gated on #384 plus a licence page.",,"Best FIRST lever: Visual Capitalist model (free view/share, paid edit/de-brand). One webpage, near-zero ops; needs an audience.",cat-14-monetisation-scaffolding
MON-05,Launch-readiness,Monetisation,Commissioned visualisation (studio),Consider,When-monetising,M,decision,no,"Revenue lever: studio work making visuals for think tanks, NGOs, foundations and state agencies - strongest per hour, but a job not a product.","Offer commissioned visualisation, gated on a studio page and three case studies; it comes inbound and earns before any product work.",,"Real India market (Revisual Labs, How India Lives, Gurman Bhatia) but competitive; solo = small scale; needs a portfolio/3 case studies.",cat-14-monetisation-scaffolding
MON-06,Launch-readiness,Monetisation,Data access product (API + bulk),Consider,When-monetising,L,build,yes,"Revenue lever: the cleaned dataset sold via API and versioned bulk to universities, BFSI district-risk teams, consultancies and FMCG expansion.",Build a data-access product gated on #384 plus real hosting and greater metric depth.,,Highest ceiling. BFSI + agri-fintech are the willing buyers (agri-fintech ~21% CAGR to 2035); our flood-risk metric (D1) is exactly what they want. Needs depth + real hosting + DPDPA compliance.,cat-14-monetisation-scaffolding
MON-07,Launch-readiness,Monetisation,Sponsored report or atlas chapter,Later,When-monetising,M,decision,no,"Revenue lever: a sponsored report or atlas chapter bought by banks, foundations and industry bodies.","Pursue a sponsored report/atlas chapter only once an audience exists, to avoid pricing the asset at its lowest point.",,Needs an audience first.,cat-14-monetisation-scaffolding
MON-08,Launch-readiness,Monetisation,Pro export tier,Later,When-monetising,M,decision,no,"Revenue lever: a paid export tier for consultants, journalists and agencies that gates export formats, not viewing.","Offer a pro export tier gated on accounts, which are deliberately deferred until needed.",,Needs accounts (deferred).,cat-14-monetisation-scaffolding
MON-09,Launch-readiness,Monetisation,Teaching the craft,Later,When-monetising,M,decision,no,Revenue lever: courses and workshops teaching the visualisation craft.,"Consider courses/workshops as a path, gated on establishing public standing first.",,Needs public standing first.,cat-14-monetisation-scaffolding
MON-10,Launch-readiness,Monetisation,Don't take early sponsorship or ads,Do,N/A,na,decision,no,"Taking sponsorship before an audience prices the asset at its lowest point, and display ads cost the trust that is MoB's only differentiator.",Avoid sponsorship before there is an audience and avoid display advertising entirely.,,Agreed - matches credibility-first stance.,cat-14-monetisation-scaffolding
MON-11,Launch-readiness,Monetisation,Narrow the no-paywall non-goal,DONE,Done,na,decision,no,Preserves the public-first commitment while allowing paid export/bulk/API/workspace tiers - keeping the contrast with Indiastat intact.,"Narrow overview.yaml's 'no login or paywall' wording to: every number free to read forever without an account; paid tiers may gate export formats, bulk and API and private workspaces, never viewing.",Accept the narrowed non-goal wording (04-strategy-decisions D5)?,"adr-028 already narrowed it: free to read forever; paid may gate export/edit, never viewing.",cat-14-monetisation-scaffolding
OPS-01,Launch-readiness,Operations,Operational continuity plan,Decision,Before-launch,M,ops,no,"Addresses the bus-factor-of-one risk (solo operator, home server, 47 co-hosted containers) so the site survives the operator being unreachable for weeks.","Stand up the Cloudflare Pages warm standby (cat-03 B5), off-box backups with one tested restore (cat-03 B3), a written deploy/rollback/takedown handover, uptime-kuma alerts to a channel someone else can see, and stored domain/registrar/Cloudflare recovery details.",Who is the continuity contact (someone who can take the site down or answer a notice if you're unreachable)?,,cat-11-risk-reputation
OPS-02,Launch-readiness,Operations,Register typosquat domain,Consider,Post-launch,S,ops,no,Low-priority impersonation mitigation against obvious typosquat domains.,Register the obvious domain variant and monitor occasionally.,,,cat-11-risk-reputation
OPS-03,Launch-readiness,Operations,Faceless operational mechanics,Do,Before-launch,S,ops,no,Operational safeguards that let the project run as a faceless brand without pretending a team exists.,"Enable WHOIS privacy on both domains, publish a bylineless /about, a single non-personal contact address (info@/hello@), a prepared short 'who is behind this?' response pointing at methodology, and a project-signed corrections policy stating response-time expectations.",,,cat-02-identity
OPS-04,Launch-readiness,Operations,Plan bank around caption capacity,Consider,Before-launch,na,ops,na,"Seven series at cadence is ~5 posts/week (~260/yr); the batch CLI makes cards fast, but every caption must state a finding, cite a source and pass QC — captions are the real bottleneck.","Plan the content bank around caption capacity, not card capacity (see cat-11 §4.7 on silent abandonment).",,,cat-06-content-strategy
OPS-05,Launch-readiness,Operations,Confirm migration trigger off vault7a,Decision,Before-launch,na,decision,na,"The trigger to migrate off vault7a should be defined now, not during an incident.","Define the migration trigger, e.g. cache hit ratio < 90% or an origin-requests/day threshold.",Confirm the migration trigger off vault7a (recommended: cache hit ratio < 90% or a chosen origin-requests/day threshold).,,cat-03-technical-readiness
OPS-06,Launch-readiness,Operations,Canonicity rule + AGENTS.md,Do,Before-launch,S,ops,no,"Establishes that the YAMLs and ADRs are the record and cat-*/advisory docs are only inputs, preventing spec drift.","Write an AGENTS.md stating the canonicity hierarchy, that acting on an advisory item must produce a features.yaml/risks.yaml entry or ADR, and reconcile the two known drifts.",Accept the canonicity rule in section 2?,Cheap ops hygiene; prevents spec/agent drift (relates to our doc_gate work #390).,cat-12-operations
OPS-07,Launch-readiness,Operations,Decisions register,Do,Before-launch,S,ops,no,A single register for the ~thirty open decisions scattered across files 01-14 so they are not lost.,"Create one register listing each decision (id, source, what it blocks, recommendation, status open/decided/deferred with date and revisit trigger), linking decided items to the ADR/spec change.",,,cat-12-operations
OPS-08,Launch-readiness,Operations,Agent operating instructions,Do,Before-launch,S,ops,no,Gives the agent one governed queue and guardrails instead of prose scattered across ~24 documents.,"Add to AGENTS.md the canonicity hierarchy, ADR discipline, a never-do list (no disputed-geometry change without override, no auto-publish, no UGC, no metric without source/year/licence), and a definition of done.",,,cat-12-operations
OPS-09,Launch-readiness,Operations,Convert backlog to features.yaml,Decision,Before-launch,S,ops,no,The operational fix for document sprawl - one ordered queue rather than twenty-four advisory files.,"Convert the advisory backlog into ordered features.yaml entries once, in priority order, so the agent reads one file and the advisory docs become reference material.",Convert the advisory backlog into ordered features.yaml entries now? Recommend yes,,cat-12-operations
OPS-10,Launch-readiness,Operations,Weekly/monthly/quarterly rhythm,Decision,Before-launch,na,ops,no,"A sustainable operating cadence calibrated for a solo operator with a full-time job, set by the worst week.","Adopt weekly ~5h (content batch, Reddit, agent direction, metrics), monthly ~2h (analytics, spec reconciliation, backlog, bank top-up), quarterly (restore drill, dependency/security updates, retire unused metrics).",Weekly rhythm - is 5 hours realistic?,,cat-12-operations
OPS-11,Launch-readiness,Operations,"Announce a pause, don't fade",Consider,Before-launch,na,ops,no,"A sustainability rule against silent abandonment, the most likely failure mode (India Data Map stopped after ten months).","If a stop is needed, announce a pause rather than fading silently, since an announced break is recoverable and silence reads as abandonment.",,,cat-12-operations
RSK-01,Launch-readiness,Risk-Reputation,"Corrections page, route & log",Strong,Before-launch,M,build,no,"The single highest-value credibility artefact: a public corrections log with a reporting route, turning inevitable errors across 124 metrics / 71,552 values from a crisis into routine.","Build /corrections listing every correction (date, metric, what was wrong, what changed, whether an artefact was affected), a form/email reporting route with a stated response expectation, 'corrected on {date}' notes on affected metric pages, and explicit logging when a social card was affected.",Publish the corrections log publicly (strongly recommended) vs keep it internal,"Highest-value credibility artefact for a 71k-value dataset; turns inevitable errors into routine, not crisis.",cat-11-risk-reputation
RSK-02,Launch-readiness,Risk-Reputation,Boundary complaint runbook,Do,Before-launch,S,ops,no,A pre-written procedure for a boundary FIR or complaint so the response is fast and non-defensive rather than improvised.,"Write a runbook (receive complaint -> verify against SOI reference -> if wrong, correct and publish within 24h -> if correct, respond citing SOI + self-certification -> never argue publicly), document the SOI reference and its provenance, and publish/monitor a legal-correspondence contact address.",,,cat-11-risk-reputation
RSK-03,Launch-readiness,Risk-Reputation,Incident severity definitions,Do,Before-launch,S,ops,no,"SEV1/SEV2/SEV3 definitions and response times that remove improvisation from the worst moment, plus the never-delete-without-archiving rule.","Write the SEV1/2/3 severity levels, examples, response times and actions into the runbook, including the archive-before-delete rule (screenshot, save URL, record timestamp).",,,cat-11-risk-reputation
RSK-04,Launch-readiness,Risk-Reputation,Moderation policy,Decision,Before-launch,na,decision,na,Defines how MoB moderates responses once it posts; needed before the first social post but unwritable until the 'does not claim' fence is set.,Write the moderation policy (file 08) once the fence is settled.,Settle the 02 D3 fence (blocks the moderation policy and half of section 4.2),,cat-11-risk-reputation
RSK-05,Launch-readiness,Risk-Reputation,Hostile-thread response policy,Decision,Before-launch,na,decision,na,"The already-set owner policy (publish on site, do not amplify polarising cuts on social) plus a response ladder for backlash on sensitive religion/caste/crime/language data.","Adopt and document the response ladder: do not engage in replies; if a factual claim is wrong, post one correction and stop; if a card was altered, state it once with the original linked; if it escalates, go quiet.","Engage on hostile threads at all, or never? (recommend never - correct once on site, link it, stop)",,cat-11-risk-reputation
RSK-06,Launch-readiness,Risk-Reputation,Takedown & legal-notice protocol,Consider,Before-launch,S,ops,no,A defined stance for platform takedowns and legal notices so MoB neither complies nor refuses reflexively.,Adopt the protocol: preserve/archive the artefact and notice first; assess rather than react; appeal automated platform takedowns once without reposting; treat a notice naming an individual as the trigger for the deferred advocate decision.,,,cat-11-risk-reputation
RSK-07,Launch-readiness,Risk-Reputation,Forged-card response posture,Decision,Before-launch,na,decision,na,Handles the distinctive risk of a downloadable-image product - anyone can trivially forge a MoB card - through response rather than prevention.,"Adopt a consistent visual signature, publish a card archive so any real card is verifiable, and prepare a single clear statement for when a forgery appears; explicitly do NOT build watermarking or verification infrastructure.",,,cat-11-risk-reputation
RSK-08,Launch-readiness,Risk-Reputation,Abandonment: announced pause policy,Decision,Before-launch,na,decision,na,Silent abandonment is the most likely failure mode for a solo project; an announced break is recoverable where a silent fade is not.,"Adopt a defined-pause-not-fade posture (announce breaks rather than going silent); the concrete mitigations - content bank, worst-week cadence, data-triggered posts - live in files 07/08.",,,cat-11-risk-reputation
RSK-09,Launch-readiness,Risk-Reputation,Publish sensitive data on site,Decision,Before-launch,na,decision,na,"Policy for whether religion, caste, crime and language data appear on the site.","Publish religion, caste, crime and language data on the site, presented neutrally.","Decided: publish sensitive data on the site, neutrally (owner, 2026-08-04)",,cat-02-identity
RSK-10,Launch-readiness,Risk-Reputation,Don't amplify sensitive cuts on social,Decision,Before-launch,na,decision,na,Policy for how sensitive data is treated on social versus on the site.,Do not amplify polarising cuts on social; prefer material that informs broadly over material that inflames.,"Decided: do not amplify polarising cuts on social (owner, 2026-08-04)",,cat-02-identity
RSK-11,Launch-readiness,Risk-Reputation,The 'does not claim' fence,Decision,Today,na,decision,na,"Defines the explicit limits of what MoB claims, making neutrality enforceable and underpinning the social moderation policy.","Choose from the candidate 'does not' statements (no causation, no ranking of people, no original data, no adjudication of contested figures, no editorialised answer) to fix where the neutrality line sits.",D3 — owner to settle the 'does not claim' fence; flagged to settle FIRST (file 08 moderation depends on it),"SETTLE FIRST - it blocks the moderation policy AND caption templates. Small wording decision, big unblock.",cat-02-identity
RSK-12,Launch-readiness,Risk-Reputation,"Keep religion data on site, don't post it",Decision,Before-launch,na,decision,na,"Five of six religion metrics are HOTSPOT, so a religion choropleth renders a few intense districts against grey — the exact framing that gets screenshotted adversarially.",Keep religion data on the site but do not post it on social; the technical (data-viz) and reputational reasons align.,"Matches owner's stated policy (keep on site, don't post)",,cat-06-content-strategy
RSK-13,Launch-readiness,Risk-Reputation,Moderation setup,Decision,Before-launch,S,ops,no,Pre-configured moderation defaults and templates so hostile comments are handled without arguing in replies.,"Configure Instagram keyword filters (communal/casteist slurs, English + transliterated), comments-off default on society/crime, response templates for 'data is wrong' and 'who is behind this', and an escalation rule.",Comments off by default on society and crime posts? Recommend yes,,cat-08-social-operations
SEO-01,Launch-readiness,SEO,SEO floor before first public link,Strong,Before-launch,M,build,no,"Every view is / plus query params with an identical site-wide title, so Googlebot would find tens of thousands of near-duplicate indexable URLs.","Ship robots.txt, canonical stripping to m+lvl, per-route metadata, sitemap.ts, and verify Search Console plus Bing (task A2).",,PARTIAL - canonical/meta/OG/sitemap done (#829). Remaining: robots.txt + Search Console/Bing verify. Do before the first public link.,cat-03-technical-readiness
SEO-02,Launch-readiness,SEO,Build metric pages corpus,DONE,Done,L,build,no,"124 metrics live in a DB where no crawler can reach them; metric pages turn the database into an indexable corpus (~250 pages, TODO #829).","Build server-side /metric/{slug} routes (map, ranked table, source, year, licence, methodology, coverage, download/embed/share), with /districts and /states level variants, per-metric Indian-phrasing titles, canonical target for / at matching m+lvl, Dataset JSON-LD, links to theme siblings and top-5/bottom-5 regions, and inclusion in sitemap.xml.",,Shipped #829 - 124 canonical /metric pages.,cat-05-seo
SEO-03,Launch-readiness,SEO,Build region pages,Do,Before-launch,L,build,no,"733 districts plus 36 states are a winnable, high-volume search target against thin incumbents (census2011.co.in, indiacensus.net, Wikipedia).","Build server-side /district/{slug} and /state/{slug} pages (value, rank, percentile, vs-average) with {district}-{state} slugs, code-to-slug and historical-slug redirects (District_name_changes_1951_to_2021.csv), inherited values labelled and excluded from rank per adr-023, internal linking, and a social card export.",,,cat-05-seo
SEO-04,Launch-readiness,SEO,Emit structured data (JSON-LD),DONE,Done,M,build,no,"Without structured data the content is invisible to Google Dataset Search, the surface built for exactly this content.","Emit Dataset JSON-LD on every metric page (from the metrics table), a parent Dataset on /data with hasPart and a distribution array of DataDownload objects (CSV, SQLite, Parquet with contentUrl and encodingFormat), and BreadcrumbList JSON-LD on metric and region pages; every block must pass Google's Rich Results Test and be reachable by navigation and sitemap.",,Shipped #829 - JSON-LD Dataset per page.,cat-05-seo
SEO-05,Launch-readiness,SEO,Implement title/description templates,DONE,Done,M,build,no,"Indian search phrasing ('state wise', 'district wise', 'in India') is distinctive and high-volume, and is the query, not a style choice.","Generate titles and descriptions from the metrics table using the given templates (metric-district, metric-state, district, state, /data), capped at ~60 chars titles and ~155 chars descriptions; do not hand-write 250 of them.",,Shipped #829 - generateMetadata.,cat-05-seo
SEO-06,Launch-readiness,SEO,Pre-generate per-page OG images,DONE,Done,M,build,no,"Next.js ImageResponse/Satori cannot render the WebGL map or 2D-canvas compositor and silently ships broken OG images, so images must be pre-generated.","Use the Playwright card compositor to generate a 1200x630 OG image per metric page on each ingest, store in R2 with absolute-URL references and content-versioned filenames; region pages get generated OG or a Satori text-only card; /, /methodology, /data keep the static OG (depends on batch export CLI / task B7).",,Shipped #829 - next/og opengraph-image.,cat-05-seo
SEO-07,Launch-readiness,SEO,Decide region pages: launch or phase 2,Decision,Before-launch,na,decision,na,"Metric pages are the smaller, stronger build; region pages need slug design and rename handling done properly.",Decide whether region pages ship at launch or in phase 2 (recommendation: phase 2).,"Region pages at launch, or phase 2? Recommendation: phase 2.",,cat-05-seo
SEO-08,Launch-readiness,SEO,Decide region slug format,Decision,Before-launch,na,decision,na,"District names repeat across states and the slug locks in early, becoming hard to change once indexed.",Decide the region slug format (recommendation: {district}-{state}).,Slug format for regions? Recommendation: {district}-{state}.,,cat-05-seo
SEO-09,Launch-readiness,SEO,Decide OG images vs text-only for regions,Decision,Before-launch,na,decision,na,"Generating full-map OG images for all 769 region pages may be too slow, so a text-only fallback may be needed.",Measure generation time first; if a full run exceeds ~15 min use text-only cards for region pages.,"OG images for all 769 region pages, or text-only cards for regions? Measure generation time first.",,cat-05-seo
SEO-10,Launch-readiness,SEO,Noindex /embed,Decision,Before-launch,S,decision,no,/embed is a chrome-less duplicate of / and would otherwise index as a near-duplicate.,Disallow /embed in robots.txt and add noindex (recommendation: Yes).,"Does /embed get noindex? Recommendation: Yes, disallow in robots and noindex.",,cat-05-seo
SEO-11,Launch-readiness,SEO,Set title/description voice,Decision,Before-launch,na,decision,na,"The title/description voice is blocked on file 02 D4, and the templates above are functional placeholders.",Set the title/description voice (depends on file 02 D4).,"Title/description voice, blocked on file 02 D4.",,cat-05-seo
SOC-01,Launch-readiness,Social,Secure all social handles,Strong,Today,S,ops,no,"@maps_of_bharat is unclaimed on every platform while the card wordmark already references it, leaving an open door to handle squatting.",Claim @maps_of_bharat on every relevant platform now.,,~30 min. Card already references @maps_of_bharat -> squat risk.,cat-11-risk-reputation
SOC-02,Launch-readiness,Social,Scheduling via Meta Business Suite,Decision,Before-launch,S,decision,no,A free (Rupee 0) scheduling approach that avoids a self-hosted scheduler as a solo-operator maintenance liability.,"Use Meta Business Suite for Instagram plus manual posting for X and Reddit, rather than Buffer free or self-hosted Postiz.","Meta Business Suite + manual, or self-host Postiz? Recommend the former",,cat-07-content-production
SOC-03,Launch-readiness,Social,Fix social export presets,Do,Before-launch,S,build,no,"Correct three wrong Instagram export settings - oversized 2160px, PNG, and 4:5 aspect - that degrade text and crop the grid.","Render at 2160 then locally downscale to 1080 wide, make 3:4 (1080x1440) the Instagram default, output JPEG at 85-90% sRGB, and add 9:16 for Stories/Reels/Shorts.",3:4 as the Instagram default? Recommend yes - grid consistency for a portfolio brand,VERIFY - card work happened this session; confirm 3:4 + JPEG + 9:16 presets exist.,cat-08-social-operations
SOC-04,Launch-readiness,Social,Reddit source-and-tool comment template,Consider,Before-launch,S,content,no,A one-time template satisfying r/dataisbeautiful's hard rules for the single largest (22M) seeding target.,"Write the mandatory source-and-tool comment template, ensure [OC] is in titles only for own work, credit creator and source, avoid banned bar-chart races, and respect topic-day restrictions.",,,cat-08-social-operations
SOC-05,Launch-readiness,Social,Instagram grid planning,Consider,Before-launch,S,ops,no,Treat the Instagram grid as a portfolio where nine consecutive cards read as a coherent set.,"Plan the grid (not just posts), vary palette family by series so the grid reads as sections, and keep a single link in bio (the site, no link-aggregator).",,,cat-08-social-operations
SOC-06,Launch-readiness,Social,Set sustainable posting cadence,Consider,Before-launch,na,ops,no,"A cadence set by the worst week, since platforms punish inconsistency more than they reward volume.","Target 3 Instagram, 3 X, 2 LinkedIn, 1 Reddit (~9/week, 8 scheduled + 1 live), giving an 11-week buffer at 90 banked.",,,cat-08-social-operations
SOC-07,Launch-readiness,Social,Secure all account handles,Strong,Today,S,ops,no,The handle printed on every card is unsecured on every platform - a faceless brand raises the recovery stakes.,"Claim @mapsofbharat/@maps_of_bharat across Instagram, X, Reddit, LinkedIn, YouTube; use a dedicated project email; enable authenticator 2FA; and store recovery codes offline where a trusted person can reach them.",,Same as above - do today.,cat-08-social-operations
SOC-08,Launch-readiness,Social,LinkedIn presence at launch,Decision,Before-launch,S,decision,no,LinkedIn is the lowest-marginal-effort channel and reaches the audience that later becomes commercial.,Decide whether LinkedIn launches with the others using the same card and an expanded caption (2/week).,Does LinkedIn get a presence at launch or later? Lowest marginal effort of any channel,,cat-08-social-operations
SOC-09,Launch-readiness,Social,Weekly posting template,Decision,Before-launch,na,ops,no,"A repeating Mon-Sun template (not a 28-day list) that survives a bad week, weighted toward carousels.","Adopt the weekly template of ~9 posts (3 IG feed with 2 carousels, 3 X, 2 LinkedIn, 1 live Reddit) plus 2-3 lightweight unbanked Stories.",9 posts/week - right volume?,,cat-15-posting-calendar
TEC-01,Launch-readiness,Technical,Boundary gate CI assertion,Do,Before-launch,M,build,no,"A technical control that proves the correct boundary shipped on every build, providing the diligence evidence if an FIR or complaint ever arrives.","Implement 09 task A3: a checksum assertion in CI, a golden-image render test, and a runtime assertion in the export path.",,,cat-01-legal
TEC-02,Launch-readiness,Technical,Fix parent-citation provenance bug,DONE,Done,S,build,no,"A live provenance bug in fill_new_districts.py inverts the citation (cites the largest-population sibling but fills from the largest sibling with data), directly undermining MoB's provenance-first claim.",Fix the parent-citation logic before launch so the estimated_from citation matches the district actually used (e.g. the NTR / Krishna divergence).,,ALREADY FIXED - todo #213 (2026-07-16). Doc is stale (written vs old HEAD).,cat-11-risk-reputation
TEC-03,Launch-readiness,Technical,Fix state-only metric export stats bug,Do,Before-launch,S,build,no,All 37 state-only metrics report min=max=mean=0 in the inventory export because the generator computes stats at district level; the stored data is fine.,"Fix the export generator so state-only metric statistics compute correctly, before the inventory is used for anything.",,VERIFY against current code - several export/stats bugs were fixed in iter-131.,cat-06-content-strategy
TEC-04,Launch-readiness,Technical,Build region-focused card layout,Consider,Before-launch,M,build,no,"The 'Your district' series is the strongest sharing mechanic in India, but the current card is metric-focused, not region-focused.",Build a region-focused card layout so 'Your district' can ship (worth pulling forward before the encoding-blocked series).,,,cat-06-content-strategy
TEC-05,Launch-readiness,Technical,Build 'When the data lands' diff automation,Consider,Before-launch,M,build,no,A data-triggered diff post that fires only when a source actually refreshes — the one publishing rhythm that never produces a week with nothing to say; the most valuable 'series' and actually automation.,Build automation that generates a diff post automatically when a source dataset refreshes.,,,cat-06-content-strategy
TEC-06,Launch-readiness,Technical,"Register domain, repoint infra, grep out vault7a",Do,Before-launch,S,ops,no,Publishing any vault7a.xyz link bakes that hostname into cards and embed snippets permanently.,"Register the domain, repoint everything to it, and grep the codebase for and remove all vault7a.xyz references (task A4, done before A1).",,,cat-03-technical-readiness
TEC-07,Launch-readiness,Technical,Deploy iter-131 and write iteration log,DONE,Done,S,ops,no,"Live is 5 commits behind HEAD, so built features (table view 826, card classification 827, embed snippet 828) are undeployed.","Deploy iter-131 and write the iteration log (task A1, done after A4 so no vault7a URL is baked in).",,Deployed 69f699c; iteration-log updated.,cat-03-technical-readiness
TEC-08,Launch-readiness,Technical,Boundary gate in CI and export,Do,Before-launch,M,build,no,"The boundary/bbox check doesn't run in CI, is weak, and the export path has no boundary check at all.","Add a checksum gate in CI (always), a golden-image check (path-filtered plus nightly), and a runtime boundary assertion in the export path (task A3).",,,cat-03-technical-readiness
TEC-09,Launch-readiness,Technical,Cloudflare Cache Rule for /api,Do,Before-launch,S,ops,no,"Origin sends correct headers but the edge isn't honouring them for /api, so every API request reaches the flat.",Add a Cloudflare Cache Rule so the edge caches /api per the origin headers (task B1).,,PARTIAL - cache headers shipped (#688). The Cloudflare dashboard Cache Rule is the pending OWNER step.,cat-03-technical-readiness
TEC-10,Launch-readiness,Technical,uptime-kuma monitor for mapsofbharat,Do,Before-launch,S,ops,no,"uptime-kuma runs 16 monitors but none for mapsofbharat, so there is no uptime monitoring.",Add a uptime-kuma monitor for mapsofbharat (task B2).,,,cat-03-technical-readiness
TEC-11,Launch-readiness,Technical,Off-box backup plus restore drill,Do,Before-launch,M,ops,no,"14 snapshots sit on the same disk as the DB, cron install is unverified, and restore has never been tested.",Move backups off-box and run a restore drill to prove recovery works (task B3).,,,cat-03-technical-readiness
TEC-12,Launch-readiness,Technical,Move geometry to R2,Do,Before-launch,M,ops,no,Geometry served from the flat is a survivability and load risk before the first traffic spike.,Move geometry assets to R2 (task B4).,,,cat-03-technical-readiness
TEC-13,Launch-readiness,Technical,Warm standby on Pages,Do,Before-launch,M,build,no,A traffic spike could take down the 47 co-hosted containers without a fallback.,Stand up a warm standby on Cloudflare Pages (task B5).,,,cat-03-technical-readiness
TEC-14,Launch-readiness,Technical,Pre-compressed geometry,Do,Before-launch,M,build,no,Serving uncompressed geometry adds load and latency under spike conditions.,Pre-compress geometry assets so the edge serves compressed payloads (task B6).,,,cat-03-technical-readiness
TEC-15,Launch-readiness,Technical,Promote batch export to supported CLI,Do,Before-launch,M,build,no,"design/762-social-card-round1/render.mjs is a working esbuild plus headless Playwright harness; promoting it converts content banking from weeks of clicking to an afternoon (highest-leverage non-infra item, pull forward).",Promote render.mjs to a supported batch export CLI (task B7).,,,cat-03-technical-readiness
TEC-16,Launch-readiness,Technical,Fix the CI test gate,Consider,Post-launch,M,build,no,"CI reports a false green: package.json has no test script so npm test is a no-op, pytest is not invoked, and Playwright only runs if RUN_TESTS=true.",Wire the pytest suite and Playwright into CI so tests actually run and the green reflects reality (task C1).,,,cat-03-technical-readiness
TEC-17,Launch-readiness,Technical,Merge previews to main,DONE,Done,M,ops,no,"main is stalled at iter-25 and production runs as branch previews, creating a traceability and bus-factor problem.",Merge the branch previews back to main and run production from main (task C2).,,Merged iter-131 to main this session.,cat-03-technical-readiness
TEC-18,Launch-readiness,Technical,Reconcile stale spec,Consider,Post-launch,M,content,no,"overview.yaml still advertises retired CSV/SVG, and adr-025 says log wasn't built though iter-28 added it.",Reconcile the stale spec so docs match what actually shipped (task C3).,,,cat-03-technical-readiness
TEC-19,Launch-readiness,Technical,Test mobile card export on real Android,Consider,Post-launch,S,research,no,"Client-side 2160x2700 canvas over 730 polygons is untested on mobile, and the paper theme already freezes the desktop renderer 1-2s.",Test mobile card export on a real ~15k-rupee Android device (task D1).,,,cat-03-technical-readiness
TEC-20,Launch-readiness,Technical,Establish performance baseline,Consider,Post-launch,M,research,no,"LCP, 3G behaviour, and cache hit ratio are all currently unmeasured.","Measure a performance baseline covering LCP, 3G, and cache hit ratio (task D3).",,,cat-03-technical-readiness
TEC-21,Launch-readiness,Technical,Accessibility audit,Consider,Post-launch,M,research,no,Accessibility is unaudited (risks.yaml #57).,Run an a11y audit against risks.yaml #57 (task D4).,,,cat-03-technical-readiness
TEC-22,Launch-readiness,Technical,Decide API posture,Decision,Before-launch,na,decision,na,"The dataset is trivially mirrorable today (~300-500 GETs) and is GODL-India, so open reads are intended; technically-open-but-undocumented is the worst option.",Decide whether to publish a documented bulk download or add friction (task D5 / Decision 3).,"API posture: publish a documented bulk download, or add friction?",,cat-03-technical-readiness
TEC-23,Launch-readiness,Technical,Determine whether RUN_TESTS is true,Decision,Before-launch,S,research,na,"Whether Playwright ever ran in CI depends on RUN_TESTS, whose value is unknown.",Check whether RUN_TESTS is currently true or false (agent can check).,Confirm whether RUN_TESTS is currently true or false.,,cat-03-technical-readiness
TEC-24,Launch-readiness,Technical,WhatsApp share button on metric pages,Consider,Before-launch,S,build,no,"Enables the sharing behaviour that actually spreads content in India, since WhatsApp itself cannot be posted to.",Add a WhatsApp share button to every metric page to match audience behaviour.,,,cat-08-social-operations
TEC-25,Launch-readiness,Technical,CI gate for spec drift,Consider,Before-launch,S,build,no,"A CI gate that actually runs, since risks.yaml falsely records the no-tests (#52) and no-CI (#54) risks as resolved.","Fix the CI gate (cat-03 C1), link features.yaml acceptance criteria to real tests instead of null/not-tested, and correct the false 'resolved' status of risks #52 and #54.",,,cat-12-operations
ANI-01,Product-Viz,Animation,Shape morph animation,Strong,Post-launch,M,build,no,Smooth morph real map -> cartogram -> hexagons,Video-making step (F3) + interpolate shapes,,"The 'wow', no new data; needs the video step (F3).",06/07-viz
ANI-02,Product-Viz,Animation,Monsoon sweep animation,Later,Post-launch,L,build,yes,Rain spreading across India over the season,Rainfall data (D4) + grid + video step,,"Beautiful + unique, but heavy (data + grid + video).",06/07-viz
ANI-03,Product-Viz,Animation,Stubble-fire spread animation,Later,Post-launch,L,build,yes,Fires igniting across Punjab/Haryana Oct-Nov,Fire data + video step,,,06/07-viz
ANI-04,Product-Viz,Animation,Heat build-up animation,Later,Post-launch,L,build,yes,Summer heat spreading across India,Temp data + video step,,,06/07-viz
ANI-05,Product-Viz,Animation,Style morph animation,Later,Post-launch,S,build,no,Animate one map style turning into another,Reuse the video step,,Cheap once the video step exists.,06/07-viz
ANI-06,Product-Viz,Animation,Nicer drill zoom,Consider,Post-launch,S,build,no,Smoother India->state->district transition,Polish existing zoom,,"Polish, not a feature.",06/07-viz
ENC-01,Product-Viz,Encoding,VSUP uncertainty toggle,Strong,Post-launch,M,build,no,Greys-out districts where our number is estimated/inherited so shaky data can't be over-read,Add a toggle + palette driven by estimate_kind/measured_pct,,"Top viz pick - unique to us, builds on the coverage view (#830).",06/07-viz
ENC-02,Product-Viz,Encoding,Categorical 'winner takes colour' maps,Do,Post-launch,S,build,no,Colour each district by which category leads (top job/language/crop),New pick-the-max colour rule + category key over existing columns,,"Cheap, new content from existing data. Hold religion (political).",06/07-viz
ENC-03,Product-Viz,Encoding,Symbol-choropleth (size=count),Do,Post-launch,S,build,no,"Fixes count metrics currently mis-coloured as choropleth (livestock, tonnes, visits)",Add sized circles for the ~7-10 count metrics,,Fixes ~7-10 count metrics; also unblocks the HOTSPOT social policy.,06/07-viz
ENC-04,Product-Viz,Encoding,Bivariate two-variable map,Later,Post-launch,L,build,no,One map showing two metrics via a 3x3 colour grid,New colour grid + diagonal legend + curated pairing list,,"Differentiator, but the 3x3 legend is the hard part + export cost.",06/07-viz
GEO-01,Product-Viz,Geometry,Hexagon states,Strong,Post-launch,M,build,no,36 equal hexagons so tiny states/UTs are visible,Hand-lay a hex layout once (static file) + add as a shape option,,"Brand look, ~1 day, 82 metrics.",06/07-viz
GEO-02,Product-Viz,Geometry,Resized map (cartogram),Do,Post-launch,S,build,no,Each region grows/shrinks so size = the value,Math transform on existing shapes,,Cheap; feeds the shape-morph animation.,06/07-viz
GEO-03,Product-Viz,Geometry,Bubble map (Dorling),Hold,N/A,M,build,no,Regions become sized non-overlapping circles,New shape mode (circles); only with sized-circle style,,Niche.,06/07-viz
GEO-04,Product-Viz,Geometry,Equal-cell grid (H3),Later,Post-launch,M,build,no,Same-size cells so big districts stop dominating,New grid shape; only for satellite/grid data,,Needs satellite data first.,06/07-viz
GEO-05,Product-Viz,Geometry,Population-warped India,Hold,N/A,M,build,no,Whole outline distorted by population,--,,Breaks our Survey-of-India compliance rule.,06/07-viz
GEO-06,Product-Viz,Geometry,Election constituencies (543),Later,Post-launch,L,build,yes,Paint results on parliamentary seats,Ingest constituency shapes + ECI results; version them,,High reach but shelf-life risk (2027 delimitation) + ECI ingest.,06/07-viz
GEO-07,Product-Viz,Geometry,Assembly seats (~4120),Hold,N/A,L,build,yes,Finer state-election map,Ingest ~4120 shapes,,Very fine + expires soon.,06/07-viz
GEO-08,Product-Viz,Geometry,Sub-districts/blocks/villages,Hold,N/A,L,build,yes,Deeper drill levels,Ingest very fine shapes,,No data at that level yet.,06/07-viz
GEO-09,Product-Viz,Geometry,Nature cuts (river basins/agro zones),Later,Post-launch,M,build,yes,River-basin / farming-climate cuts instead of admin borders,Ingest zone shapes,,Agro-zones needed for fair peer rankings.,06/07-viz
DAT-01,Product-Data,Data,Flood risk score,Do,Post-launch,S,build,yes,"District flood-risk score, ready-made district JSON",Simple ingest,,Best data win - our first risk metric; cheap; BFSI/agri relevant.,06/07-viz
DAT-02,Product-Data,Data,Flood events count,Consider,Post-launch,M,build,yes,Floods per district since ~1960,Ingest + aggregate event list,,Rides on flood-risk ingest.,06/07-viz
DAT-03,Product-Data,Data,Land cover metrics,Later,Post-launch,L,build,yes,Cropland/built-up/tree/water % (7 metrics from one satellite job),Build raster number-cruncher (F2) then run,,"7 metrics from one job, but needs the satellite cruncher (F2).",06/07-viz
DAT-04,Product-Data,Data,Rainfall metrics,Later,Post-launch,L,build,yes,"Monsoon onset date, seasonal total, deficit",Grid processing (F2),,Needs F2; also feeds the monsoon animation.,06/07-viz
DAT-05,Product-Data,Data,Elevation/terrain,Later,Post-launch,M,build,yes,"Average height, hilliness",Satellite job (F2),,Needs F2.,06/07-viz
DAT-06,Product-Data,Data,Earthquake risk zones,Do,Post-launch,S,build,yes,India's 5 seismic zones as a category map,Ingest a small ready-made file,,Cheap categorical; pairs with the categorical encoding.,06/07-viz
FND-01,Foundation,Foundation,Map-shape as a proper setting,Do,Post-launch,M,build,no,Shape sits alongside metric/year in URL/API/card,Add a shape parameter everywhere,,Do if we add >=1 new shape (URL/API/card param).,06/07-viz
FND-02,Foundation,Foundation,Satellite-image number-cruncher,Later,Post-launch,L,build,na,Turns raster maps into per-district numbers,"Build once, reuse for D3/D4/D5",,Only if we want satellite data (D3/D4/D5).,06/07-viz
FND-03,Foundation,Foundation,Video-making step,Do,Post-launch,M,build,na,Turn map frames into shareable clips + still fallback,"Build once, reuse for animations",,Do if we want any animation (gateway to all of them).,06/07-viz
FND-04,Foundation,Foundation,Adopt free geography source (shapes),Do,Post-launch,S,build,na,Permissive outlines for new/display shapes,Point new shapes at india-geodata (CC0/CC-BY),,"Low risk; where new shapes (hex, constituencies) come from anyway.",06/07-viz
FND-05,Foundation,Foundation,Switch number-calc to free source (SHRUG->LGD),Hold,When-monetising,L,build,na,The risky value-crosswalk swap (=#384),Re-derive + re-check every Census-2011 number,,= #384; risky value swap; only when monetising.,06/07-viz
FND-06,Foundation,Foundation,Free crosswalk double-check,Do,Post-launch,S,build,na,Use their 1951-2024 splits table to bug-check ours,Compare + log mismatches,,"Cheap, free bug-check of our district mapping.",06/07-viz
